id,language
l_0,Ruby
l_1,JavaScript
l_2,HTML
l_3,PHP
l_4,Shell
l_5,Common Lisp
l_6,C
l_7,Erlang
l_8,Python
l_9,C++
l_10,Perl
l_11,Makefile
l_12,Emacs Lisp
l_13,Java
l_14,CSS
l_15,Groff
l_16,Yacc
l_17,REXX
l_18,Objective-C
l_19,CoffeeScript
l_20,Dockerfile
l_21,Haml
l_22,Sass
l_23,Procfile
l_24,Lua
l_25,C#
l_26,Scheme
l_27,Puppet
l_28,Vim Script
l_29,Forth
l_30,Assembly
l_31,Roff
l_32,sed
l_33,CMake
l_34,QMake
l_35,Prolog
l_36,Nu
l_37,Arc
l_38,Haskell
l_39,R
l_40,eC
l_41,Gnuplot
l_42,M4
l_43,PostScript
l_44,NewLisp
l_45,SystemVerilog
l_46,Smalltalk
l_47,Batchfile
l_48,Awk
l_49,TeX
l_50,ActionScript
l_51,Logos
l_52,M
l_53,ASP
l_54,Jupyter Notebook
l_55,Ragel in Ruby Host
l_56,Perl 6
l_57,D
l_58,XSLT
l_59,Go
l_60,ooc
l_61,Hack
l_62,Rust
l_63,Scala
l_64,AngelScript
l_65,Sieve
l_66,AutoHotkey
l_67,AppleScript
l_68,TypeScript
l_69,PowerShell
l_70,Nix
l_71,Clojure
l_72,SCSS
l_73,Tcl
l_74,Bison
l_75,DTrace
l_76,ApacheConf
l_77,OCaml
l_78,Fortran
l_79,Ragel
l_80,Io
l_81,Smarty
l_82,Gherkin
l_83,NSIS
l_84,IDL
l_85,YASnippet
l_86,ASP.NET
l_87,Processing
l_88,Pascal
l_89,LilyPond
l_90,Boo
